country,iso3,rank,top_pct,score_equal_balanced,n_valid_norms
Sweden,SWE,4,2.0,0.8261824499691398,7
Finland,FIN,7,3.5,0.8045581881992129,8
Denmark,DNK,10,5.1,0.7955587914849128,8
Ireland,IRL,22,11.1,0.7584418116186817,7
Netherlands,NLD,29,14.6,0.7233321337373336,8
Germany,DEU,36,18.2,0.7055660478730115,8
United States,USA,76,38.4,0.6216901083100368,8
Singapore,SGP,112,56.6,0.5530749957163552,8
