cluster,cooling,water,risk,stability,electricity,renewables,internet,hdd
0,0.28771163575630576,0.9630358873372642,0.8667418538052433,0.658958342901759,0.6448723690103,0.139379012345679,0.625856129685917,8.16608177105914e-06
1,0.4814261974602326,0.99359292383104,0.6739102511170443,0.437909528621075,0.7111706751666184,0.6439833333333334,0.4220397076893229,0.011217644452882728
2,0.9036512059769262,0.9939375288709376,0.8799622048043021,0.7161176416554771,0.6080955479133748,0.5033630769230769,0.8805053936468203,0.22537734953483957
